name,missing_rate,type,num_unique_values,length,unique_values
DIAGNOSIS,0.0,C,3,1,"[2.0, 1.0, 3.0]"
AGE_MRI,0.0,N,1031,1,"[92.1533196440794, 69.36344969199179, 67.08555783709788, 82.5242984257358, 79.57015742642027, 68.09034907597535, 83.4715947980835, 80.71457905544148, 63.17043121149897, 82.08898015058179, 79.24982888432581, 72.11225188227242, 71.81382614647502, 81.28678986995209, 80.86516084873374, 79.70431211498973, 76.37234770704997, 78.16290212183436, 76.13141683778234, 73.57426420260096, 69.05407255304586, 80.88432580424367, 91.50992470910336, 90.34907597535934, 74.41478439425052, 76.82956878850102, 68.30937713894593, 68.33949349760438, 80.58590006844626, 65.55509924709104, 67.51813826146476, 83.27994524298425, 82.839151266256, 77.83709787816564, 76.78850102669405, 70.72416153319644, 72.9719370294319, 94.03148528405202, 63.19233401779603, 79.4633812457221, 72.09034907597535, 63.51813826146475, 68.35592060232717, 77.347022587269, 72.74469541409994, 67.6249144421629, 60.48186173853525, 70.00136892539356, 83.82751540041068, 73.97399041752224, 75.43326488706366, 91.1211498973306, 87.55373032169747, 86.99794661190965, 71.42505133470226, 76.73648186173854, 76.60232717316906, 74.01232032854209, 69.4236824093087, 58.455852156057496, 78.45585215605749, 80.10677618069815, 67.84394250513347, 75.12662559890487, 81.96303901437372, 81.86447638603696, 75.66324435318275, 87.23066392881589, 72.62696783025325, 64.01368925393567, 70.64750171115674, 73.8672142368241, 79.67967145790554, 73.14168377823408, 74.55441478439425, 88.21902806297057, 65.20465434633813, 83.24161533196441, 77.44558521560575, 69.3990417522245, 84.3832991101985, 81.96851471594798, 72.00547570157427, 77.68377823408625, 67.11019849418207, 76.8021902806297, 82.08624229979466, 66.36824093086926, 78.92950034223135, 76.0848733744011, 84.03559206023272, 65.59342915811088, 78.7378507871321, 64.49828884325804, 72.27926078028747, 71.61396303901438, 70.47501711156742, 67.34017796030116, 86.16016427104722, 57.76317590691308, 65.79603011635866, 75.80287474332648, 82.88021902806297, 89.23203285420945, 74.60917180013689, 77.160848733744, 76.24914442162903, 73.30595482546201, 73.63997262149213, 69.73579739904176, 62.757015742642025, 79.17864476386038, 71.91786447638604, 72.3832991101985, 83.68514715947981, 82.37371663244353, 78.36824093086926, 82.71321013004791, 79.75085557837097, 68.08213552361396, 79.29911019849418, 76.24640657084188, 74.072553045859, 82.39014373716633, 74.03422313483915, 81.72758384668036, 74.13004791238878, 80.11225188227242, 72.47091033538672, 70.09719370294319, 78.96235455167694, 62.19301848049281, 61.30869267624914, 76.90896646132786, 78.9678302532512, 76.4435318275154, 76.98562628336755, 73.46201232032854, 71.11567419575633, 83.87953456536619, 70.05886379192334, 75.4880219028063, 71.20876112251882, 74.77618069815195, 71.87953456536619, 79.89869952087611, 84.9034907597536, 86.29705681040383, 58.809034907597535, 84.58316221765914, 71.15400410677618, 85.24298425735797, 85.01300479123887, 85.18822724161534, 81.00479123887749, 83.60027378507871, 77.71663244353182, 90.45859000684464, 80.5119780971937, 87.3949349760438, 85.88364134154689, 70.04791238877482, 85.9356605065024, 73.43737166324435, 69.01848049281314, 77.2539356605065, 88.65708418891171, 56.054757015742645, 70.05338809034907, 83.67419575633129, 73.74127310061601, 72.19164955509925, 71.709787816564, 75.41683778234086, 69.67556468172485, 81.01300479123887, 84.57494866529774, 83.06091718001369, 69.28131416837782, 71.80835044490075, 69.63449691991786, 64.95003422313484, 67.4633812457221, 77.10609171800137, 70.42573579739904, 80.65160848733744, 82.84188911704312, 89.51403148528405, 84.53935660506502, 83.26078028747433, 79.04722792607802, 55.83846680355921, 73.80698151950719, 81.2457221081451, 76.50376454483231, 71.33470225872689, 74.7624914442163, 71.27446954141, 62.83915126625599, 90.46680355920604, 78.62012320328542, 65.08692676249144, 78.43121149897331, 71.19233401779603, 73.97946611909651, 66.17932922655716, 75.65229295003422, 69.44832306639289, 83.0280629705681, 71.9917864476386, 65.54688569472964, 67.45790554414785, 86.13004791238878, 77.20739219712526, 68.00547570157427, 91.4798083504449, 61.1854893908282, 89.4839151266256, 72.59958932238193, 80.65708418891171, 81.57152635181383, 67.87679671457906, 83.22245037645449, 71.34839151266256, 65.67008898015058, 81.93292265571526, 65.47296372347706, 70.5845311430527, 90.32991101984942, 65.13073237508556, 68.9555099247091, 67.92881587953457, 71.88501026694045, 68.20260095824777, 66.10540725530458, 74.3709787816564, 82.7378507871321, 84.9801505817933, 85.05954825462013, 63.13210130047912, 83.31279945242984, 69.70294318959617, 78.507871321013, 72.8870636550308, 75.05544147843942, 72.28747433264887, 70.63928815879535, 71.40588637919234, 70.38193018480493, 81.55783709787816, 69.77686516084873, 70.95687885010267, 71.08008213552361, 75.95619438740589, 82.99247091033538, 67.82203969883642, 79.3949349760438, 81.74401095140315, 82.9678302532512, 91.5893223819302, 76.40246406570841, 77.18822724161534, 72.17248459958932, 66.46132785763176, 67.12388774811772, 69.22381930184805, 75.13757700205339, 80.0, 90.28336755646818, 72.3586584531143, 73.27857631759069, 86.83367556468173, 69.57973990417523, 84.24366872005476, 76.0164271047228, 70.5160848733744, 87.21423682409309, 65.57426420260096, 75.34017796030116, 66.91581108829568, 70.77618069815195, 72.66803559206024, 76.33949349760438, 70.79808350444901, 61.15537303216975, 76.72279260780287, 67.90965092402465, 78.51334702258727, 69.17180013689254, 79.86584531143053, 65.91923340177961, 79.38124572210815, 81.70020533880904, 71.39767282683094, 76.48733744010951, 56.57494866529774, 90.29158110882958, 71.47433264887064, 72.70362765229295, 88.91718001368925, 80.2819986310746, 74.6776180698152, 70.8227241615332, 59.1895961670089, 69.36892539356604, 60.276522929500345, 66.34086242299794, 76.04380561259411, 76.55578370978782, 70.73511293634498, 68.73100616016427, 81.50855578370978, 77.49760438056126, 65.11156741957564, 80.1697467488022, 71.22792607802874, 66.09993155373031, 65.57152635181383, 76.70910335386722, 66.943189596167, 70.44490075290896, 77.27857631759069, 77.91375770020534, 79.35386721423683, 66.37371663244353, 73.29226557152636, 70.3189596167009, 65.41820670773443, 81.44010951403149, 82.58726899383984, 84.48733744010951, 67.18412046543463, 78.91854893908283, 74.19028062970568, 69.54688569472964, 81.28405201916496, 70.24503764544832, 68.15605749486653, 73.87268993839835, 69.21560574948666, 69.92197125256673, 67.16495550992471, 75.81930184804928, 72.67077344284736, 67.2662559890486, 69.01574264202601, 66.75154004106776, 65.65092402464066, 68.82409308692677, 75.60301163586584, 72.83778234086242, 77.53045859000684, 68.2984257357974, 66.70499657768652, 66.29158110882958, 67.10746064339493, 71.42231348391513, 69.52772073921972, 71.44147843942505, 80.79671457905545, 67.28542094455852, 65.94934976043805, 66.26967830253251, 70.53524982888433, 81.06228610540725, 77.56605065023956, 64.32306639288159, 66.44763860369609, 67.43874058863791, 66.1574264202601, 65.69199178644764, 72.39972621492129, 73.64271047227926, 70.89664613278576, 73.37166324435319, 69.056810403833, 66.65845311430527, 69.73853524982889, 64.23271731690623, 79.92607802874743, 65.2621492128679, 76.59411362080766, 74.36550308008214, 71.58384668035592, 90.072553045859, 74.69404517453799, 75.77823408624229, 61.46748802190281, 62.97604380561259, 65.32511978097193, 79.84394250513347, 59.59479808350445, 71.83299110198494, 67.63860369609856, 78.42299794661191, 79.49075975359342, 86.50239561943874, 73.15811088295688, 76.96098562628337, 64.07939767282683, 58.38193018480493, 71.26078028747433, 62.691307323750856, 70.99794661190965, 66.62286105407256, 70.97056810403834, 69.45106091718002, 70.01232032854209, 67.32375085557837, 83.23613963039014, 69.53867214236824, 77.63723477070499, 65.39356605065024, 62.36002737850787, 74.652977412731, 66.06981519507187, 70.3107460643395, 67.66598220396989, 71.74537987679672, 66.90759753593429, 65.73305954825462, 71.81108829568788, 69.54414784394251, 71.54551676933607, 74.18206707734429, 62.04243668720055, 75.35386721423683, 76.8870636550308, 66.47227926078028, 74.22861054072553, 65.26762491444217, 83.8384668035592, 73.99315537303217, 69.59069130732375, 76.30116358658454, 78.27789185489391, 80.73921971252567, 89.1690622861054, 65.45106091718002, 72.24366872005476, 69.3305954825462, 72.870636550308, 63.181382614647504, 72.30663928815879, 59.00616016427104, 69.86995208761122, 66.96509240246407, 69.56331279945243, 65.90828199863107, 55.93429158110883, 74.96509240246407, 86.51334702258727, 75.23887748117727, 68.04928131416838, 72.04380561259411, 86.06707734428474, 81.76043805612593, 62.51882272416153, 82.50239561943874, 69.927446954141, 89.95482546201232, 83.29089664613278, 69.39356605065024, 66.91033538672143, 71.24982888432581, 68.93634496919918, 88.77754962354551, 73.81793292265571, 76.29295003422314, 76.145106091718, 80.43805612594113, 66.3025325119781, 69.60438056125942, 79.36755646817248, 87.86036960985626, 76.55030800821355, 73.51403148528405, 79.93429158110882, 67.92607802874743, 74.53251197809719, 79.43326488706366, 78.33538672142369, 61.47296372347707, 67.10198494182067, 81.28952772073922, 76.49555099247091, 77.53593429158111, 66.95414099931554, 74.66392881587953, 68.71457905544148, 69.0403832991102, 79.62765229295003, 66.98973305954826, 66.03696098562628, 60.369609856262834, 85.45653661875428, 67.80835044490075, 66.16290212183436, 71.29637234770705, 72.91170431211499, 88.22176591375771, 68.89801505817933, 66.16016427104722, 67.1895961670089, 69.2703627652293, 66.88569472963724, 77.44284736481862, 63.18412046543463, 89.70294318959617, 62.13826146475017, 68.99383983572895, 78.55167693360711, 84.37234770704997, 65.927446954141, 75.854893908282, 74.00136892539356, 65.1854893908282, 76.74743326488706, 61.56605065023956, 71.27994524298425, 76.46269678302532, 71.38124572210815, 71.89322381930185, 92.03559206023272, 65.42094455852155, 76.83504449007529, 76.48186173853524, 55.26078028747433, 68.55852156057495, 77.55783709787816, 74.28062970568104, 85.06228610540725, 57.059548254620125, 89.55509924709104, 82.67488021902807, 67.58110882956879, 65.76865160848733, 86.45037645448323, 66.45585215605749, 57.51403148528405, 75.0444900752909, 56.48733744010951, 61.43189596167009, 78.22861054072553, 64.96919917864476, 70.00684462696783, 66.71047227926078, 73.60438056125942, 74.54893908281998, 56.63518138261465, 73.50581793292265, 58.04517453798768, 75.5400410677618, 78.40930869267625, 67.01711156741958, 67.97809719370294, 75.64681724845995, 70.5927446954141, 86.08898015058179, 75.01711156741958, 66.17111567419576, 66.77344284736482, 74.02600958247776, 81.95208761122518, 80.32306639288159, 78.53251197809719, 71.30184804928132, 63.44695414099932, 80.25735797399042, 82.90485968514716, 70.90212183436003, 81.33333333333333, 76.18069815195072, 76.02464065708419, 62.97330595482546, 66.36276522929501, 60.95003422313484, 77.44832306639289, 64.52566735112936, 62.73237508555784, 82.28336755646818, 77.97946611909651, 74.98151950718686, 72.24914442162903, 67.59479808350444, 78.95414099931554, 75.1211498973306, 80.81587953456537, 59.38945927446954, 64.86789869952088, 65.40451745379877, 65.30595482546201, 63.36208076659822, 83.30732375085557, 81.65639972621491, 68.17796030116358, 56.068446269678304, 75.49897330595482, 68.70088980150582, 76.56399726214921, 85.14715947980835, 74.04517453798768, 75.67145790554414, 71.4633812457221, 76.24366872005476, 75.15674195756331, 78.70225872689939, 83.93976728268309, 66.90485968514716, 67.81930184804928, 68.18069815195072, 78.76796714579055, 65.60711841204655, 68.60232717316906, 66.06160164271047, 73.42094455852155, 62.26146475017112, 92.50924024640658, 74.54346338124572, 62.24229979466119, 68.80492813141684, 82.3709787816564, 71.39219712525667, 85.36344969199179, 77.60711841204655, 67.78918548939083, 74.09445585215606, 62.63381245722108, 70.77891854893909, 70.3709787816564, 71.09377138945928, 69.75770020533881, 64.78576317590691, 79.00889801505818, 71.77823408624229, 64.20260095824777, 70.8145106091718, 68.66803559206024, 78.11362080766598, 73.10609171800137, 57.451060917180016, 71.75633127994524, 67.23887748117727, 66.87200547570157, 82.51334702258727, 84.83230663928816, 73.09787816563997, 84.56399726214921, 78.94592744695414, 69.1772758384668, 68.30116358658454, 75.12388774811772, 82.99520876112251, 72.5284052019165, 65.25119780971937, 66.68309377138947, 77.98767967145791, 72.95824777549623, 84.01916495550992, 63.351129363449694, 76.06297056810403, 74.80903490759754, 55.162217659137575, 65.07049965776865, 80.39972621492129, 84.03832991101984, 81.29500342231348, 66.62559890485969, 68.31759069130733, 76.97741273100615, 79.34565366187543, 87.66050650239562, 61.667351129363446, 87.54551676933607, 76.11225188227242, 87.56741957563312, 61.12799452429842, 65.01574264202601, 68.08761122518823, 89.41273100616016, 69.85352498288843, 81.36892539356604, 85.160848733744, 60.93360711841205, 77.79329226557152, 78.47775496235455, 61.946611909650926, 81.87268993839835, 67.1978097193703, 77.05407255304586, 78.48596851471595, 84.75290896646133, 75.7180013689254, 67.24982888432581, 79.36481861738535, 78.90485968514716, 63.304585900068446, 74.9596167008898, 73.7056810403833, 71.68788501026694, 75.43874058863791, 71.0444900752909, 75.93976728268309, 81.02121834360027, 76.15605749486653, 87.09924709103353, 73.76043805612593, 68.67898699520876, 90.48049281314168, 79.25256673511294, 75.43052703627653, 69.23203285420945, 83.75633127994524, 70.12183436002738, 75.94798083504449, 76.11498973305955, 68.5448323066393, 84.72553045859, 78.78439425051334, 78.47227926078028, 73.07323750855578, 80.04106776180699, 79.78918548939083, 78.45859000684463, 84.85694729637235, 62.42573579739904, 75.9315537303217, 82.36276522929501, 70.33812457221082, 77.19917864476386, 69.90828199863107, 68.28747433264887, 91.49075975359342, 69.78781656399727, 76.34770704996578, 88.33949349760438, 71.69062286105407, 87.05817932922656, 74.52977412731006, 72.41615331964408, 72.99110198494182, 79.74537987679672, 69.50855578370978, 84.86516084873374, 81.30321697467488, 75.68514715947981, 86.2861054072553, 92.5119780971937, 73.57973990417523, 71.57837097878166, 91.53730321697468, 63.06091718001369, 76.42984257357973, 71.76728268309377, 74.75975359342915, 71.58658453114305, 63.53182751540041, 77.4839151266256, 81.95756331279945, 78.64202600958248, 64.75838466803559, 68.13689253935661, 71.9069130732375, 75.31006160164272, 67.52635181382615, 69.05133470225873, 73.4072553045859, 82.00136892539356, 74.48596851471595, 68.15058179329226, 73.65092402464066, 66.39561943874058, 72.79123887748118, 65.71937029431896, 80.25188227241615, 78.15195071868582, 68.21902806297057, 83.97535934291581, 81.68651608487338, 72.98562628336755, 80.44079397672827, 81.99315537303217, 80.62422997946612, 67.82751540041068, 88.34223134839151, 68.24366872005476, 78.71868583162218, 72.09856262833675, 72.64613278576317, 72.82135523613962, 74.71868583162218, 74.02874743326488, 65.61533196440794, 69.11704312114989, 64.85968514715948, 80.36960985626284, 89.03490759753593, 68.22450376454483, 67.0965092402464, 76.63791923340177, 83.1978097193703, 76.65434633812457, 58.71047227926078, 75.67419575633129, 77.7138945927447, 64.84599589322382, 66.02874743326488, 86.44216290212184, 71.71252566735113, 83.79466119096509, 83.40862422997947, 79.31553730321697, 83.44421629021218, 78.30800821355236, 77.51950718685832, 76.67077344284736, 57.47296372347707, 72.35318275154005, 64.8021902806297, 78.02053388090349, 76.40793976728268, 60.24093086926762, 85.6125941136208, 77.12525667351129, 80.01095140314852, 70.04243668720055, 80.72279260780287, 76.62970568104038, 77.45106091718002, 60.01368925393566, 90.94592744695414, 72.43805612594113, 74.80082135523614, 59.81108829568789, 83.6331279945243, 66.80355920602327, 69.71937029431896, 73.48939082819986, 60.780287474332646, 61.95756331279945, 77.28405201916496, 73.95208761122518, 77.14989733059548, 75.54277891854893, 61.65639972621492, 85.93292265571526, 77.62628336755647, 77.12799452429843, 78.54620123203286, 71.8466803559206, 74.78165639972622, 78.14647501711157, 88.05201916495551, 74.46406570841889, 73.44558521560575, 74.81998631074606, 67.49897330595482, 72.55304585900069, 78.60917180013689, 69.17453798767967, 56.002737850787135, 63.82751540041068, 78.40657084188912, 83.77002053388091, 76.7337440109514, 64.37234770704997, 65.50308008213553, 90.16837782340862, 85.04585900068446, 73.73032169746749, 83.00342231348391, 86.4996577686516, 78.04243668720055, 76.04106776180699, 83.30458590006845, 77.8425735797399, 61.497604380561256, 69.19096509240246, 72.15879534565366, 63.38124572210815, 74.53798767967146, 69.81245722108144, 82.4996577686516, 80.92539356605064, 79.28815879534565, 89.51950718685832, 64.64065708418892, 77.64818617385353, 78.92676249144422, 62.29705681040383, 77.09514031485284, 71.56194387405887, 71.90965092402465, 55.50992470910335, 73.90828199863107, 75.26078028747433, 66.10266940451746, 84.47091033538672, 81.02943189596166, 65.24845995893224, 62.220396988364136, 78.21492128678987, 59.31279945242984, 56.6570841889117, 84.72826830937714, 73.59890485968515, 82.1574264202601, 76.75290896646133, 74.00958247775496, 67.22518822724162, 82.63381245722108, 84.13689253935661, 73.6810403832991, 57.44010951403149, 86.29158110882958, 72.08761122518823, 58.72416153319645, 77.74674880219028, 81.91101984941821, 77.23477070499658, 64.12867898699521, 83.12662559890487, 80.85694729637235, 57.02395619438741, 61.44284736481862, 50.53251197809719, 73.75770020533881, 83.05544147843942, 77.99041752224504, 68.68172484599589, 80.31211498973306, 73.00205338809035, 81.6290212183436, 64.82409308692677, 54.93497604380561, 52.85420944558521, 59.93976728268309, 73.96030116358658, 78.63655030800821, 62.40109514031485, 88.30937713894593, 67.44147843942505, 80.55030800821355, 77.08692676249144, 76.33401779603011, 69.63997262149213, 70.55989048596851, 80.22450376454483, 67.60301163586584, 73.70841889117042, 90.03148528405202, 68.05201916495551, 68.47638603696099, 81.81245722108144, 78.47501711156742, 67.95893223819301, 78.24503764544832, 72.29295003422314, 62.65571526351814, 69.87268993839835, 71.2662559890486, 73.76865160848733, 75.98083504449008, 72.17522245037645, 80.82956878850102, 67.40588637919234, 83.9917864476386, 78.61464750171116, 79.0116358658453, 76.84325804243669, 76.64613278576317, 73.69472963723477, 69.96030116358658, 67.42505133470226, 69.57152635181383, 75.60574948665298, 73.59616700889802, 61.87816563997262, 81.5003422313484, 70.92128678986995, 57.67830253251198, 74.64202600958248, 70.63107460643396, 80.08213552361396, 79.2826830937714, 61.72758384668035, 76.71184120465435, 81.3305954825462, 70.32717316906229, 79.15400410677618, 76.91991786447639, 70.82546201232033, 63.21149897330596, 88.0848733744011, 81.60164271047228, 71.20054757015743, 72.34223134839151, 68.28473648186174, 68.03559206023272, 58.62833675564682, 62.48596851471595, 68.12320328542094, 71.55099247091033, 84.0930869267625, 68.3832991101985, 80.62696783025325, 66.45859000684463, 79.46611909650925, 57.03764544832307, 78.42573579739904, 75.45790554414785, 63.30184804928131, 65.53319644079397, 83.37850787132102, 75.26351813826146, 68.57494866529774, 80.60780287474333, 65.7659137577002, 81.17180013689254, 82.20396988364134, 70.06981519507187, 69.51950718685832, 85.25941136208077, 69.347022587269, 70.50239561943874, 92.8952772073922, 93.45379876796714, 83.08829568788501, 78.72142368240931, 70.1327857631759, 79.13210130047912]"
PTGENDER,0.0,C,2,1,"[1.0, 2.0]"
PTEDUCAT,0.0,C,12,1,"[20.0, 16.0, 18.0, 19.0, 14.0, 15.0, 12.0, 8.0, 17.0, 13.0, 11.0, 10.0]"
PTTLANG,0.0,C,2,1,"[1.0, 2.0]"
PTETHCAT,0.0,C,3,1,"[2.0, 1.0, 3.0]"
PTRACCAT,0.0,C,6,1,"[5.0, 6.0, 4.0, 7.0, 2.0, 1.0]"
AMY_SUVR,0.0,N,547,1,"[1.291, 0.897, 1.018, 1.259, 1.515, 0.964, 1.611, 1.279, 1.191, 1.084, 1.023, 1.008, 0.985, 1.113, 1.178, 0.977, 1.014, 1.127, 1.442, 1.019, 0.992, 1.226, 1.149, 1.458, 1.055, 1.184, 0.928, 1.079, 1.299, 1.13, 1.072, 1.176, 1.605, 0.971, 1.027, 0.989, 1.365, 1.657, 0.968, 0.913, 1.383, 1.107, 1.037, 1.103, 1.007, 1.043, 0.991, 0.943, 1.636, 0.916, 0.924, 1.145, 1.251, 1.101, 0.986, 0.982, 0.987, 0.988, 1.524, 1.144, 0.995, 1.329, 1.099, 1.051, 0.978, 1.287, 1.082, 0.999, 1.102, 1.094, 1.491, 1.275, 1.244, 1.004, 1.105, 1.652, 0.99, 1.081, 1.053, 1.307, 0.983, 1.017, 0.931, 1.039, 1.022, 1.078, 1.047, 0.973, 1.482, 1.276, 1.835, 1.2, 1.497, 1.187, 1.556, 0.994, 0.955, 1.064, 1.549, 1.029, 1.695, 0.974, 1.024, 1.833, 1.942, 1.041, 1.003, 1.651, 1.147, 1.232, 1.162, 0.963, 1.111, 0.966, 1.447, 0.998, 1.025, 1.154, 1.293, 1.342, 1.264, 1.401, 1.129, 0.938, 0.946, 1.662, 1.278, 1.221, 2.406, 1.398, 1.098, 1.015, 1.186, 1.27, 1.732, 1.441, 2.102, 0.979, 1.71, 1.196, 0.919, 1.425, 1.633, 1.663, 1.075, 1.362, 1.109, 1.032, 1.372, 1.05, 1.373, 0.996, 0.942, 0.993, 1.29, 1.073, 1.1, 1.074, 1.366, 1.21, 1.135, 1.001, 1.009, 1.516, 1.815, 1.15, 1.005, 1.327, 1.277, 0.797, 1.294, 1.067, 1.46, 1.124, 0.969, 0.947, 1.058, 1.33, 1.417, 0.997, 1.158, 0.965, 1.784, 1.172, 0.97, 1.323, 1.063, 0.959, 1.54, 1.062, 0.951, 1.379, 1.155, 1.08, 1.016, 1.58, 1.456, 1.057, 1.085, 1.071, 1.798, 1.042, 1.03, 1.175, 0.96, 0.923, 1.728, 1.12, 1.438, 0.872, 1.121, 0.925, 0.961, 0.984, 1.192, 0.944, 1.591, 1.048, 0.934, 0.952, 0.957, 1.403, 1.481, 1.574, 1.028, 1.02, 1.222, 1.518, 0.976, 0.937, 1.203, 1.855, 1.532, 1.18, 1.035, 0.896, 1.069, 1.22, 1.554, 1.056, 0.892, 0.933, 1.66, 1.702, 1.559, 1.56, 1.077, 1.131, 1.066, 0.975, 1.198, 1.678, 1.04, 1.421, 1.457, 0.956, 1.197, 1.686, 0.882, 1.021, 1.473, 0.953, 1.065, 1.634, 0.939, 1.521, 1.013, 0.954, 1.012, 0.908, 1.002, 0.967, 1.046, 1.34, 1.606, 0.972, 1.369, 1.541, 1.168, 0.981, 1.061, 0.902, 1.837, 1.589, 1.171, 0.914, 1.358, 1.182, 0.958, 1.026, 1.215, 1.502, 1.448, 1.209, 1.754, 1.23, 0.95, 0.948, 1.747, 1.418, 1.385, 1.152, 1.424, 1.731, 0.92, 0.94, 1.038, 1.443, 1.148, 0.855, 1.475, 1.566, 1.724, 1.097, 1.011, 1.207, 1.617, 1.104, 1.382, 1.535, 1.596, 1.06, 1.402, 1.57, 1.914, 1.245, 1.125, 1.827, 1.519, 1.414, 1.248, 1.3, 1.045, 0.906, 0.9, 1.762, 1.598, 0.936, 1.479, 0.917, 1.352, 1.344, 1.674, 1.718, 1.805, 0.962, 1.374, 1.585, 1.446, 1.865, 1.667, 1.685, 1.181, 1.393, 1.317, 1.428, 1.719, 1.768, 1.736, 1.882, 1.672, 1.505, 1.609, 1.776, 1.712, 1.407, 1.309, 1.169, 1.188, 1.399, 1.584, 0.907, 1.543, 1.32, 1.545, 1.378, 1.216, 1.253, 1.707, 1.333, 1.679, 0.98, 1.368, 1.16, 1.35, 1.195, 1.137, 1.126, 1.404, 1.031, 1.083, 1.68, 1.43, 0.843, 1.331, 1.867, 1.539, 1.409, 1.507, 1.0, 1.498, 1.44, 1.506, 1.123, 1.745, 1.11, 1.563, 1.052, 1.112, 1.716, 1.708, 1.542, 1.431, 1.713, 1.334, 1.151, 1.536, 1.839, 1.306, 1.343, 1.63, 1.263, 1.84, 1.531, 1.312, 1.345, 0.941, 1.238, 1.496, 1.715, 1.068, 1.391, 1.577, 1.603, 1.302, 1.586, 1.537, 1.093, 1.034, 0.848, 1.206, 1.512, 1.94, 1.01, 1.194, 1.699, 1.487, 1.436, 1.274, 1.612, 1.552, 1.562, 1.494, 1.607, 2.008, 1.599, 1.558, 1.582, 1.93, 1.335, 1.159, 1.249, 1.501, 1.929, 2.057, 1.788, 1.511, 1.143, 1.212, 1.464, 0.884, 0.866, 1.432, 1.281, 1.691, 1.923, 1.133, 1.569, 1.31, 1.397, 1.387, 1.357, 1.332, 1.033, 2.0, 0.949, 1.167, 1.116, 1.561, 1.495, 1.528, 1.054, 1.571, 1.339, 0.82, 1.095, 1.864, 1.546, 1.688, 1.234, 1.297, 0.868, 1.538, 1.5, 1.338, 1.106, 1.449, 1.076, 1.28, 1.059, 1.223, 0.909, 1.602, 1.426, 1.044, 1.597, 1.202, 1.243, 0.93, 1.435, 0.945, 1.579, 1.217, 1.588, 1.704, 1.444, 1.006, 1.088, 1.64, 1.714, 1.308, 1.676, 1.24, 1.822, 1.356, 1.779, 1.246, 1.289, 1.153, 1.303, 1.384, 1.286, 1.622, 1.653, 1.459, 1.208, 1.313]"
MTL_SUVR,0.0,N,988,1,"[1.5745, 1.2579999999999998, 1.3797499999999998, 1.816, 2.1982500000000003, 1.485, 2.5, 2.39575, 1.71425, 1.97, 1.929, 1.4275, 1.4905, 2.2195, 1.76325, 1.76975, 1.234, 1.408, 2.7035, 1.27075, 1.351, 1.6715000000000002, 1.92975, 1.88025, 1.9435, 1.68775, 1.38775, 1.3530000000000002, 2.31725, 1.401, 1.49525, 1.56475, 1.7615000000000005, 1.5265, 1.49825, 1.46375, 1.33125, 2.492, 1.559, 2.6955, 2.9167500000000004, 1.4420000000000002, 1.46725, 1.21275, 1.54975, 1.3325, 3.8235, 1.6092499999999998, 1.65625, 1.3115, 1.6945, 1.0805, 1.4495, 1.4085, 1.37325, 1.37075, 1.15425, 1.45775, 1.609, 1.45575, 1.95, 1.388, 1.6647500000000002, 1.75225, 1.4885, 1.29025, 1.7034999999999998, 1.14225, 2.8527500000000003, 1.30625, 1.4245, 1.098, 1.2165, 1.4135, 1.3817499999999998, 1.78625, 1.4047500000000002, 2.083, 1.59375, 1.3855, 1.8155, 1.7785, 1.4754999999999998, 1.471, 1.91075, 1.3350000000000002, 1.2705, 1.39025, 1.36875, 1.41775, 1.4220000000000002, 1.38525, 1.5167499999999998, 1.435, 1.43675, 1.36775, 1.542, 1.31975, 1.2405, 2.0145, 2.1, 2.59125, 1.4282500000000002, 2.557, 3.229, 1.30475, 1.2725, 2.597, 1.5465, 2.3875, 1.4545, 1.2325, 1.7945, 3.15325, 1.357, 1.49125, 1.38275, 1.2925, 1.6605, 1.565, 2.33, 1.41575, 1.6702499999999998, 1.6725, 1.27325, 1.8935, 1.37225, 1.3175, 1.36625, 1.40925, 3.50075, 2.402, 1.346, 1.40975, 2.217, 2.06625, 1.3455, 1.73475, 1.6115, 1.43475, 1.6549999999999998, 1.53525, 1.59, 1.47375, 1.4775, 2.11575, 1.41975, 1.60425, 1.2795, 2.696, 1.38675, 3.16, 3.0457500000000004, 1.7955, 4.24525, 1.521, 1.45725, 2.16, 1.35875, 1.98725, 2.98075, 1.45825, 2.4545000000000003, 2.77925, 1.49625, 1.9125, 2.87875, 1.59275, 1.433, 1.803, 1.335, 1.49975, 1.28025, 1.44375, 1.394, 2.51325, 1.4482499999999998, 1.5852500000000005, 1.52725, 1.188, 1.243, 1.32875, 1.4562499999999998, 1.41125, 1.4195, 2.06375, 1.6445, 1.50225, 1.55525, 1.60925, 1.40375, 1.223, 1.99725, 2.3185, 1.695, 3.42425, 1.367, 1.43075, 2.57325, 2.1027500000000003, 1.3085, 1.293, 1.44625, 1.95175, 1.40525, 1.26475, 1.68175, 1.40425, 1.2739999999999998, 1.4365, 1.323, 3.0032500000000004, 1.644, 1.355, 1.5895, 1.36275, 1.963, 1.653, 1.2045, 1.4825, 1.49725, 2.454, 1.5235, 1.61325, 1.4974999999999998, 1.3070000000000002, 1.324, 1.8265, 1.544, 1.4115, 1.479, 1.32925, 1.17325, 1.60975, 1.48675, 1.55875, 1.47225, 1.7685000000000002, 1.387, 1.755, 1.7175, 1.34, 1.405, 1.84675, 1.545, 1.52525, 1.31425, 1.65825, 1.5650000000000002, 2.98125, 1.4587499999999998, 1.3947500000000002, 1.2759999999999998, 1.34325, 2.05975, 1.1725, 1.6497499999999998, 1.715, 1.61525, 1.424, 1.45625, 1.52975, 2.55675, 1.72025, 1.61875, 2.09275, 1.3895, 2.4735, 1.1035, 1.35425, 2.0775, 1.613, 1.993, 1.3785, 1.54475, 1.31625, 1.89625, 1.9055, 1.2595, 1.93375, 1.2545, 1.51425, 1.75725, 1.23125, 1.512, 1.69975, 5.8125, 3.845, 2.354, 1.70475, 1.2345, 1.95925, 1.81125, 1.46875, 1.39175, 1.9395, 1.14875, 1.35625, 1.5452499999999998, 1.89975, 2.3475, 1.3592499999999998, 2.62925, 1.3119999999999998, 1.3424999999999998, 1.4345, 1.65025, 1.38875, 1.45125, 1.3595000000000002, 1.48325, 1.15325, 2.28525, 2.55925, 1.532, 1.2835, 1.3584999999999998, 1.4455, 1.49475, 2.4405, 2.2262500000000003, 1.83525, 2.5005, 1.4874999999999998, 1.4465, 1.40175, 1.2194999999999998, 1.7455, 1.90525, 2.615, 1.6455, 1.70175, 1.42075, 1.4645, 1.645, 1.3865, 1.28675, 1.18925, 1.5207499999999998, 1.40325, 2.68175, 1.45175, 1.47475, 2.0335, 1.27975, 1.28275, 1.62025, 2.255, 2.11675, 1.4812500000000002, 1.3265, 1.42875, 1.288, 1.4285, 1.416, 1.708, 2.54075, 1.4875, 1.57875, 1.3585000000000005, 1.5332500000000002, 2.35425, 1.5505, 1.242, 1.5992499999999998, 1.6237499999999998, 1.5719999999999998, 1.4852500000000002, 1.34925, 1.794, 1.70075, 1.45075, 1.26725, 1.40075, 2.00325, 1.37925, 2.4095, 1.33175, 1.1995, 1.705, 1.5725, 1.3977499999999998, 1.5805, 1.462, 1.48975, 2.08975, 1.2767499999999998, 1.583, 1.2235, 1.4225, 1.2505, 2.89625, 1.91525, 1.2970000000000002, 1.03275, 1.33925, 1.29825, 1.2095, 1.955, 2.356, 1.5590000000000002, 1.98025, 1.5337500000000002, 1.548, 1.2345000000000002, 2.39725, 1.53625, 1.331, 1.81875, 1.46775, 1.2965, 1.36425, 1.4445, 1.267, 1.77675, 1.2535, 1.4985000000000002, 1.47075, 2.6455, 1.41275, 1.723, 1.37, 1.33725, 1.4125, 1.32725, 1.2975, 1.25475, 1.35525, 3.784, 1.8997500000000005, 2.48775, 1.5367499999999998, 1.5785, 1.96425, 1.7029999999999998, 1.51125, 2.15125, 1.40725, 1.42475, 1.2999999999999998, 2.8195, 1.56875, 1.4427499999999998, 1.3065, 1.366, 1.42325, 1.15875, 3.1452500000000003, 1.5715, 1.4475, 2.37, 2.8325, 1.561, 1.537, 1.302, 1.2254999999999998, 1.354, 1.43525, 1.41925, 1.19675, 1.31575, 1.43275, 1.5034999999999998, 1.84975, 2.1885, 1.3809999999999998, 1.6615000000000002, 1.8025, 1.763, 1.66225, 2.02875, 3.568, 1.67875, 3.62325, 2.5605, 1.87025, 2.22875, 1.58725, 1.39525, 1.608, 1.58475, 3.3475, 2.3865, 1.382, 1.41825, 1.72225, 1.53375, 2.1965000000000003, 1.31125, 1.32475, 1.34375, 1.3725, 1.29425, 1.42625, 1.525, 1.90275, 1.36225, 1.95475, 1.44525, 1.632, 3.07175, 2.08, 1.6414999999999995, 1.4075, 2.18625, 2.46425, 2.8087500000000003, 1.6915, 1.66875, 1.3245, 1.725, 1.3605, 3.0325, 1.4305, 2.052, 1.296, 1.3035, 1.4335000000000002, 1.23775, 2.0475, 1.3465, 1.71975, 2.46775, 1.48925, 4.1930000000000005, 2.8205, 1.2967499999999998, 1.5405, 1.814, 1.4714999999999998, 1.303, 2.218, 2.9432500000000004, 1.38475, 1.82775, 2.1545, 2.126, 1.97575, 1.3165, 1.259, 2.26975, 1.637, 2.661, 2.481, 1.5475, 3.39025, 1.17225, 1.4595, 1.14, 3.65875, 1.5755, 1.1845, 2.206, 1.96025, 1.57125, 1.5695, 1.6355, 2.24175, 1.4315, 1.936, 1.878, 1.349, 1.36575, 1.76875, 1.44125, 1.5185, 1.3425000000000002, 1.27525, 1.24175, 1.46625, 1.97975, 2.25475, 2.06775, 1.76925, 1.79075, 1.54925, 1.54, 1.58825, 2.2145, 1.857, 1.516, 2.135, 1.5335, 1.8445, 1.5630000000000002, 1.60175, 1.3795000000000002, 1.2875, 1.0099999999999998, 3.0495, 1.52225, 1.2055, 1.87425, 1.30825, 1.24775, 2.5345, 1.839, 1.56025, 1.3112500000000002, 1.3622500000000002, 1.336, 1.57625, 4.0607500000000005, 1.2915, 1.4097499999999998, 2.8235, 1.4955, 2.44625, 1.3635000000000002, 2.32275, 2.535, 1.474, 1.82075, 2.096, 3.18725, 1.73175, 2.598, 1.3195, 1.68525, 1.40625, 1.45925, 1.50875, 1.63325, 2.5495, 1.7732499999999998, 1.58875, 1.3405, 2.03625, 1.6755, 1.64025, 2.7275, 1.298, 1.8295, 1.33275, 1.14725, 1.3235, 1.304, 1.95325, 1.9375, 1.20425, 2.283, 1.209, 1.19175, 1.572, 3.14075, 1.70575, 1.1110000000000002, 2.0655, 1.4514999999999998, 1.883, 1.43575, 1.6720000000000002, 1.488, 1.26075, 2.0752500000000005, 2.54725, 1.6435, 2.4912500000000004, 1.3645, 1.7985000000000002, 1.43825, 1.4434999999999998, 1.44775, 1.80125, 1.852, 1.1565, 1.7755, 1.361, 1.443, 1.45875, 1.359, 2.0105, 2.9155, 1.6335, 3.3892500000000005, 3.10025, 2.81125, 1.6337499999999998, 2.03275, 1.372, 1.46975, 1.607, 1.9215, 1.7692499999999998, 1.53475, 1.4050000000000002, 2.62675, 1.7375, 1.35, 1.6765, 3.015, 1.4002499999999998, 3.1275000000000004, 2.2, 3.0460000000000003, 1.169, 3.782, 1.249, 1.67925, 1.60275, 1.4947500000000002, 1.2407499999999998, 2.05875, 1.437, 1.8085, 1.7365, 2.24025, 2.82075, 2.101, 3.41225, 1.775, 1.55425, 2.1225, 2.36925, 1.74925, 2.8265, 1.5612499999999998, 1.501, 2.67225, 1.77425, 2.46725, 1.12625, 2.12325, 3.681, 1.5259999999999998, 1.32125, 1.1717499999999998, 1.8880000000000003, 2.86675, 1.88725, 3.08575, 1.22875, 3.2565000000000004, 1.32825, 1.6357500000000005, 1.99125, 1.52925, 1.78775, 1.6542500000000002, 2.701, 3.33675, 2.28825, 1.932, 2.09575, 1.30375, 1.5985, 2.78625, 2.0395, 2.69225, 1.57225, 1.27625, 1.7415, 2.6335, 1.3795, 1.3717499999999998, 1.8645, 1.56775, 2.3774999999999995, 1.912, 2.8520000000000003, 2.17375, 1.61175, 1.26175, 1.9175, 1.91775, 2.4137500000000003, 1.47525, 3.079, 1.7637500000000002, 3.2795, 1.3987500000000002, 2.05025, 1.74825, 2.80725, 2.05675, 1.277, 1.211, 1.5215, 1.21625, 1.4820000000000002, 2.5325, 1.69525, 1.445, 1.51525, 2.3255, 2.64025, 1.75775, 1.3352499999999998, 1.60125, 1.515, 1.4265, 1.506, 1.3565, 1.5015, 1.17025, 1.27875, 1.48575, 1.7335, 1.949, 2.789, 2.50425, 1.758, 2.528, 1.3945, 1.393, 1.99075, 2.4765, 1.3715, 1.51, 1.64725, 3.173, 2.0660000000000003, 1.85, 1.40275, 2.01375, 1.56825, 1.486, 1.641, 1.59675, 1.3845, 3.0015, 1.2955, 2.5507500000000003, 1.25625, 1.7002499999999998, 1.882, 3.5074999999999994, 1.5635, 1.6015, 1.3695000000000002, 2.069, 2.42275, 1.6909999999999998, 1.28425, 1.4449999999999998, 2.8705, 1.3665, 1.49775, 1.43125, 1.6555, 2.35375, 2.48375, 1.3755, 1.6032499999999998, 1.24975, 1.46075, 1.4035000000000002, 1.5195, 1.5052500000000002, 2.4555, 1.207, 2.643, 2.7975000000000003, 1.4027500000000002, 1.30075, 1.7112500000000002, 1.6305, 1.5615, 2.88775, 2.224, 1.42825, 1.528, 1.3295, 1.61, 2.32525, 1.788, 1.7987499999999998, 1.7965, 1.4415, 1.59925, 1.27725, 1.2985, 1.27025, 3.72675, 1.34575, 1.7230000000000003, 1.41025, 1.495, 1.92175, 1.43225, 1.2905, 1.38575, 1.3695, 1.54075, 1.75175, 1.5517500000000002, 1.82325, 1.1945, 1.4177499999999998, 1.26775, 1.03825, 1.6362499999999998, 1.21425, 1.513, 3.0715, 1.04725, 1.832, 2.2805, 1.43775, 1.473, 1.30875, 1.142, 1.9, 1.63875, 3.3425, 1.517, 1.286, 1.74575, 2.733, 1.9545, 2.348, 1.551, 1.3715000000000002, 1.25975, 1.4520000000000002, 1.61075, 1.3159999999999998, 2.33325, 1.60675, 1.648, 1.8785, 2.932, 1.646, 1.334, 2.548, 1.5625, 1.6890000000000005, 2.90225, 1.3435, 1.2, 1.52875, 3.091, 1.57825, 1.29875, 1.6925, 2.335, 1.99825, 1.395, 1.37825, 1.562, 2.345, 3.02725, 1.3330000000000002, 1.67475, 2.0, 1.47975, 1.16225, 1.56925, 1.739, 1.4575, 1.273, 1.157, 1.7079999999999995, 1.63025, 1.419, 1.71125, 2.7235, 1.21725, 1.742, 1.37975, 1.3635, 1.40225, 2.1915, 3.26025, 2.66325, 1.3395, 1.4742500000000005, 1.365, 1.86, 2.42775, 1.93525, 1.38425, 1.339, 2.56, 1.5585, 1.67, 2.5425, 2.262, 1.63975, 4.2455, 1.2707499999999998, 1.636, 1.6245, 1.477, 2.8150000000000004, 1.25525, 1.64425, 1.47575]"
NEO-T_SUVR,0.0,N,928,1,"[1.54075, 1.4460000000000002, 1.532, 1.58075, 1.919, 1.4875, 2.05875, 1.98375, 1.6317499999999998, 1.61625, 1.74, 1.67775, 1.5925, 1.7067500000000002, 1.8135, 1.52775, 1.5605, 1.7115, 2.2115, 1.4435000000000002, 1.661, 1.808, 1.7002499999999998, 2.1075, 1.59125, 1.90175, 1.60975, 1.41375, 2.027, 1.6235000000000002, 1.7145, 1.764, 1.79, 1.58575, 1.55175, 1.51625, 1.6395, 2.6745, 1.576, 1.7717500000000002, 3.13425, 1.6235, 1.572, 1.54775, 1.7615, 1.499, 2.06175, 1.5305, 1.95025, 1.45, 1.7065, 1.726, 1.29125, 1.52825, 1.487, 1.72875, 1.6595, 1.44525, 1.5775, 1.50075, 1.529, 1.70925, 1.4345, 2.245, 1.6975, 1.68325, 1.361, 1.6995, 1.438, 2.6165, 1.5590000000000002, 1.74325, 1.35475, 1.6635, 1.7045, 1.6675, 1.5755, 1.306, 1.6720000000000002, 1.6935, 1.4747499999999998, 1.82575, 1.68925, 2.1635, 1.7007500000000002, 1.76825, 1.78425, 1.466, 1.507, 1.66125, 1.42225, 1.62, 1.596, 1.535, 1.66375, 1.601, 1.639, 1.69475, 1.544, 1.915, 2.0495, 1.745, 1.57875, 2.0265, 1.5325, 1.58975, 1.933, 1.5265, 1.6215, 1.4595, 1.574, 1.6295000000000002, 2.55225, 1.43925, 1.6735, 1.6709999999999998, 1.59875, 1.5005000000000002, 2.423, 1.869, 1.61, 1.843, 1.733, 1.4435, 2.17125, 1.6169999999999998, 1.65575, 1.5492499999999998, 1.52125, 4.54575, 1.84675, 1.63175, 1.6645, 2.70475, 1.909, 1.6055, 1.65425, 1.73525, 1.5307499999999998, 1.61975, 1.49125, 1.50575, 1.6854999999999998, 1.46, 1.713, 2.3785, 1.52625, 1.66, 1.618, 2.17025, 1.65525, 2.296, 2.276, 2.02025, 4.112, 1.71425, 1.515, 1.8305, 1.5215, 1.6237499999999998, 1.86075, 3.2887500000000003, 2.8645, 1.5074999999999998, 1.654, 2.33975, 3.76625, 1.59375, 1.64075, 1.585, 1.59075, 1.64375, 1.60425, 1.66825, 1.7355, 1.69375, 1.647, 1.2705, 1.68475, 1.6105, 1.63875, 1.4675, 1.81575, 1.87875, 1.6820000000000002, 1.6015, 1.7639999999999998, 1.394, 1.582, 2.417, 1.9115, 1.5425, 2.888, 1.696, 1.5665, 2.28075, 1.6477499999999998, 1.5495, 1.4137499999999998, 1.801, 2.15175, 1.49775, 1.398, 1.54175, 1.5139999999999998, 1.60125, 1.42675, 1.554, 1.49175, 1.98425, 1.358, 1.49975, 1.65175, 1.5132500000000002, 1.66675, 1.516, 1.53725, 1.559, 1.55425, 1.845, 1.5942500000000002, 1.469, 1.7292500000000002, 1.87025, 1.7895, 1.67875, 1.6715000000000002, 1.73425, 1.31425, 1.71175, 1.68275, 1.69675, 1.92625, 1.558, 2.04175, 1.81625, 1.496, 1.5645000000000002, 1.57475, 1.61525, 1.5882500000000002, 1.60825, 1.5467499999999998, 1.602, 3.59025, 1.6315, 1.54625, 1.54025, 1.5785, 1.5174999999999998, 1.50875, 1.536, 1.699, 1.66025, 1.2285, 1.774, 2.24125, 1.46025, 1.65025, 3.773, 1.5105, 1.46075, 1.28475, 1.4865, 1.81475, 1.79175, 1.78725, 1.6215000000000002, 1.988, 1.6275, 1.8165, 1.6165, 1.54275, 1.43775, 1.6385, 1.6075000000000002, 1.603, 1.50425, 1.4420000000000002, 1.435, 2.19125, 3.7915, 3.22475, 1.67, 1.7082499999999998, 1.42525, 1.6824999999999997, 1.383, 1.5975, 1.21625, 1.5165, 1.80125, 1.89275, 4.13675, 1.673, 1.6827500000000002, 1.564, 1.5705, 1.73, 1.644, 1.49825, 1.5435, 1.5385, 1.49425, 2.54175, 1.79125, 1.42, 1.4795, 1.55475, 1.7592499999999998, 2.04, 1.67325, 2.08825, 2.70625, 1.41675, 1.451, 1.455, 1.5535, 1.5615, 2.6982500000000003, 1.75625, 1.7845, 1.6284999999999998, 1.67925, 1.465, 1.44875, 1.7715, 1.6694999999999998, 1.924, 1.43475, 1.53925, 1.80225, 1.36125, 1.5245, 1.65875, 1.85025, 1.5200000000000002, 1.7105, 1.5034999999999998, 1.739, 1.5035, 1.43025, 1.74025, 3.70175, 1.69925, 1.6765, 1.55975, 1.65325, 1.5059999999999998, 1.5577500000000002, 1.9195, 1.649, 1.58425, 1.7400000000000002, 1.7235, 1.5875, 1.51975, 1.6685, 1.77575, 1.72375, 1.7165, 1.5545, 1.6525, 1.79725, 1.66325, 1.75125, 1.5052499999999998, 1.7960000000000005, 1.7320000000000002, 1.69975, 1.6025, 1.85725, 1.51425, 3.1775, 1.59025, 1.50725, 1.6769999999999998, 1.513, 2.194, 1.92975, 1.52575, 1.372, 1.57675, 1.608, 1.58875, 1.4587500000000002, 3.30625, 1.8795, 1.4612500000000002, 1.4725, 1.447, 1.8405, 1.57075, 1.47, 1.4985, 1.4685, 1.5917500000000002, 1.4522499999999998, 1.6245, 1.4242499999999998, 2.44725, 1.4920000000000002, 1.472, 1.57275, 3.2525000000000004, 1.41125, 1.5014999999999998, 1.4915, 1.4552500000000002, 1.577, 1.4129999999999998, 2.77425, 1.768, 2.23025, 1.72475, 1.8725, 1.7695, 1.686, 1.80875, 2.02225, 1.58225, 1.5055, 1.8475, 1.56775, 1.5114999999999998, 1.553, 1.6555000000000002, 2.922, 1.6462499999999998, 1.5675, 2.29625, 1.40475, 1.6035, 1.73625, 1.4489999999999998, 1.6665, 1.6535, 1.48375, 1.55775, 1.52875, 1.5322500000000003, 1.34075, 1.5532499999999998, 1.6755, 1.678, 2.35825, 1.43725, 1.59725, 1.52, 1.71075, 2.04275, 1.595, 2.09375, 1.78225, 4.3415, 1.6829999999999998, 4.4665, 2.36675, 1.71775, 1.73775, 1.683, 1.3215, 1.6037500000000002, 1.6275000000000002, 1.5864999999999998, 1.7769999999999997, 3.06475, 1.56925, 1.67125, 1.87675, 1.5625, 1.7565, 1.4462500000000005, 1.6825, 1.4765, 1.5825, 1.4369999999999998, 1.38, 1.4925, 1.7965, 1.397, 1.592, 1.4465, 1.7512500000000002, 1.68375, 1.62925, 1.77425, 1.89725, 1.86575, 1.65375, 1.637, 1.94325, 1.85, 1.36775, 1.461, 2.63, 4.4865, 1.5797500000000002, 1.6387500000000002, 1.431, 1.9345, 1.63075, 2.37225, 1.59525, 1.5015, 1.4842499999999998, 1.54725, 1.53125, 1.239, 1.9675, 1.43975, 1.57325, 2.356, 1.68425, 3.46475, 4.97725, 1.386, 1.90375, 1.3935, 1.6077500000000002, 1.67225, 1.72275, 3.2545, 1.61575, 1.88025, 3.3992500000000003, 3.69575, 4.40225, 1.66725, 1.74175, 1.818, 1.67825, 2.73675, 4.247249999999999, 2.056, 1.73675, 1.48225, 2.071, 1.72525, 1.5012500000000002, 1.33125, 4.5965, 1.58625, 2.0405, 1.9845, 1.433, 1.82975, 1.75575, 1.58275, 1.49475, 1.6364999999999998, 1.581, 1.57775, 1.5779999999999998, 1.527, 1.409, 1.73725, 2.40275, 1.7285, 2.29975, 1.82775, 1.56675, 1.73825, 1.302, 1.7125, 3.42225, 1.85975, 1.66875, 1.4965000000000002, 1.64875, 1.747, 1.5725, 1.55075, 1.72425, 1.778, 3.285, 1.5177500000000002, 1.502, 2.1415, 1.6122500000000002, 1.5445, 1.665, 1.9545, 1.65275, 1.384, 1.96925, 1.3955000000000002, 1.631, 2.46125, 1.5945, 2.2532500000000004, 1.44225, 1.75925, 2.05475, 1.78025, 1.8240000000000005, 4.38025, 3.17625, 1.962, 2.4165, 1.64125, 1.6195, 1.6345, 1.548, 1.6807500000000002, 4.087, 1.6537499999999998, 1.5135, 1.64275, 1.63625, 1.9690000000000003, 2.1185, 1.61125, 1.47975, 1.3435, 1.47875, 1.71475, 1.81275, 3.02625, 1.73225, 2.724, 1.4947499999999998, 1.889, 1.6334999999999995, 1.44125, 2.819, 1.859, 1.68025, 1.30675, 3.4495000000000005, 1.7519999999999998, 1.62125, 2.4265000000000003, 1.727, 1.66425, 2.06625, 3.1905, 3.261, 1.96625, 1.628, 1.63225, 1.7805, 1.55675, 1.7955, 1.839, 1.78125, 1.64925, 1.464, 1.5285, 1.50475, 1.6447500000000002, 1.43175, 2.5002500000000003, 1.76775, 1.6365, 3.25, 2.3462500000000004, 1.63975, 1.73475, 1.81125, 1.64325, 1.85425, 1.71975, 1.614, 1.53175, 1.714, 1.509, 4.0120000000000005, 1.876, 1.61075, 1.75375, 1.82725, 2.88275, 1.811, 4.026, 3.63225, 1.3592499999999998, 2.039, 1.4275, 1.92025, 1.512, 1.573, 1.3465, 1.6965, 1.62025, 2.00525, 1.7574999999999998, 1.81925, 2.487, 1.765, 3.13175, 1.53425, 1.687, 1.56225, 2.272, 1.906, 1.6802499999999998, 1.524, 1.70025, 1.53875, 1.917, 1.88825, 2.08325, 1.5324999999999998, 1.9045, 2.7, 1.96775, 1.6615000000000002, 1.6662499999999998, 1.54225, 2.41625, 1.91625, 4.334, 3.4825, 1.56625, 1.5445000000000002, 2.218, 2.4525, 1.847, 2.4995000000000003, 3.65575, 1.706, 2.63275, 2.65425, 1.3875, 1.92725, 3.89025, 2.7102499999999994, 1.7025, 2.944, 1.4107500000000002, 1.8825, 3.42025, 1.83375, 1.6155000000000002, 1.69125, 1.5564999999999998, 1.6205, 1.6925, 5.399750000000001, 1.8175, 1.7042499999999998, 1.4495, 1.5597500000000002, 1.7055, 3.13525, 3.375, 1.65675, 2.833, 1.695, 1.473, 2.24925, 1.677, 1.3777499999999998, 1.3864999999999998, 1.6522500000000002, 1.44625, 2.3415, 1.5595, 1.72925, 2.13125, 2.2285, 1.7287500000000002, 1.54125, 1.55025, 1.70175, 1.6955, 1.5415, 1.51375, 1.47675, 1.4645, 1.42025, 1.64675, 1.599, 1.692, 1.931, 1.5235, 3.5705, 1.5565, 2.5722500000000004, 1.6555, 1.3905, 3.21775, 1.70575, 1.7195000000000005, 2.308, 2.11775, 1.8815, 1.567, 1.61475, 1.4972500000000002, 1.6125, 1.7447499999999998, 1.47575, 2.5692500000000003, 3.3672500000000003, 1.87375, 1.381, 1.48025, 1.4215, 3.757, 1.4815, 1.74975, 3.45325, 1.89925, 1.5125, 1.39325, 1.50175, 3.1135, 1.57025, 1.83, 3.065, 1.88975, 1.593, 1.5905, 1.475, 1.5559999999999998, 1.44475, 2.82975, 1.757, 1.66925, 3.79375, 2.793, 1.68, 1.6065, 1.62275, 1.99475, 1.58325, 1.6505, 1.55325, 1.655, 1.5025, 1.537, 3.1080000000000005, 1.43875, 1.4787499999999998, 1.56275, 3.85675, 1.623, 1.7399999999999998, 1.506, 1.6225, 1.44675, 1.51325, 1.528, 1.299, 1.74825, 1.75275, 1.30875, 1.48075, 1.34775, 1.70375, 1.45075, 1.7945, 2.77975, 2.1215, 1.60675, 1.597, 1.5910000000000002, 1.456, 1.5735, 3.94825, 1.753, 2.0067500000000003, 2.8395, 1.877, 1.76425, 1.44, 1.66475, 1.41775, 1.77025, 2.104, 1.74575, 1.5630000000000002, 1.7925, 1.32875, 1.5575, 1.9175, 1.51675, 1.69075, 3.604, 1.7245, 1.2455, 1.7335, 1.79625, 1.579, 1.55875, 2.68775, 1.7847499999999998, 1.635, 1.5255, 1.86975, 2.62825, 1.66975, 1.82525, 1.69725, 1.38625, 1.37525, 1.5885, 1.50625, 1.4434999999999998, 1.69525, 1.6845, 1.6487500000000002, 1.7600000000000002, 1.4825, 1.44275, 1.67525, 1.5379999999999998, 1.73125, 4.445, 1.75225, 1.5275, 1.94775, 2.2955, 1.63725, 1.4515, 1.76575, 2.411, 2.6465, 2.40775, 2.18375, 3.295, 1.81825, 1.6815, 2.04925, 1.6435, 1.69575]"
MMSCORE,0.0,N,22,1,"[27.0, 29.0, 26.0, 24.0, 30.0, 28.0, 18.0, 23.0, 25.0, 22.0, 11.0, 9.0, 20.0, 21.0, 16.0, 19.0, 15.0, 17.0, 13.0, 3.0, 10.0, 5.0]"
CDGLOBAL,0.0,N,5,1,"[0.5, 0.0, 1.0, 2.0, 3.0]"
VSBPSYS,0.01,N,93,1,"[154.0, 129.0, 136.0, 114.0, 163.0, 115.0, 117.0, 155.0, 112.0, 172.0, 153.0, 165.0, 133.0, 147.0, 130.0, 135.0, 118.0, 122.0, 134.0, 159.0, 149.0, 125.0, 116.0, 127.0, 126.0, 142.0, 119.0, 183.0, 152.0, 113.0, 156.0, 100.0, 120.0, 140.0, 161.0, 151.0, 138.0, 131.0, 148.0, 101.0, 184.0, 121.0, 174.0, 157.0, 110.0, 137.0, 160.0, 166.0, 109.0, 143.0, 132.0, 145.0, 93.0, 103.0, 104.0, 171.0, 150.0, 144.0, 139.0, 168.0, 105.0, 124.0, 162.0, 128.0, 123.0, 164.0, 102.0, 111.0, 94.0, 108.0, 98.0, 146.0, 141.0, 97.0, 96.0, 106.0, 107.0, 169.0, 82.0, 192.0, 158.0, 173.0, 175.0, 176.0, 72.0, 99.0, 83.0, 170.0, 179.0, 181.0, 95.0, 217.0, 178.0]"
VSBPDIA,0.01,N,57,1,"[84.0, 79.0, 76.0, 58.0, 80.0, 72.0, 63.0, 69.0, 54.0, 77.0, 68.0, 81.0, 73.0, 75.0, 83.0, 61.0, 62.0, 65.0, 60.0, 70.0, 82.0, 92.0, 67.0, 86.0, 98.0, 59.0, 74.0, 88.0, 66.0, 87.0, 78.0, 90.0, 95.0, 64.0, 71.0, 85.0, 56.0, 89.0, 52.0, 94.0, 91.0, 97.0, 57.0, 49.0, 96.0, 93.0, 55.0, 53.0, 101.0, 48.0, 104.0, 47.0, 130.0, 105.0, 128.0, 99.0, 117.0]"
VSPULSE,0.01,N,67,1,"[68.0, 65.0, 75.0, 95.0, 53.0, 62.0, 61.0, 57.0, 54.0, 45.0, 66.0, 80.0, 69.0, 76.0, 46.0, 70.0, 63.0, 60.0, 50.0, 79.0, 86.0, 56.0, 74.0, 52.0, 115.0, 67.0, 64.0, 59.0, 72.0, 85.0, 51.0, 77.0, 43.0, 96.0, 82.0, 73.0, 83.0, 34.0, 58.0, 42.0, 78.0, 81.0, 48.0, 97.0, 49.0, 84.0, 71.0, 90.0, 55.0, 94.0, 103.0, 40.0, 89.0, 93.0, 47.0, 91.0, 87.0, 88.0, 116.0, 99.0, 36.0, 44.0, 92.0, 104.0, 98.0, 41.0, 120.0]"
VSRESP,0.02,N,23,1,"[16.0, 14.0, 23.0, 12.0, 20.0, 9.0, 10.0, 13.0, 18.0, 17.0, 8.0, 30.0, 11.0, 22.0, 15.0, 19.0, 26.0, 21.0, 32.0, 24.0, 25.0, 28.0, 5.0]"
amy_label,0.0,C,2,1,"[1, 0]"
tau_label,0.0,C,2,1,"[0, 1]"
